ID,AMK
1,?
2,?
3,?
4,?
5,?
6,?
7,?
8,?
9,?
10,?
11,?
12,?
13,?
14,?
15,?
16,?
17,?
18,?
19,?
20,?
21,?
22,?
23,?
24,?
25,?
26,?
27,?
28,?
29,?
30,?
31,?
32,?
33,?
34,?
35,?
36,?
37,?
38,?
39,?
40,?
41,?
42,?
43,?
44,?
45,?
46,?
47,?
48,?
49,?
50,?
51,?
52,?
53,?
54,?
55,?
56,?
57,?
58,?
59,?
60,?
61,?
62,?
63,?
64,?
65,?
66,?
67,?
68,?
69,?
70,?
71,?
72,?
73,?
74,?
75,?
76,?
77,?
78,?
79,?
80,?
81,?
82,?
83,?
84,?
85,?
86,?
87,?
88,?
89,?
90,?
91,?
92,?
93,?
94,?
95,?
96,?
97,?
98,?
99,?
100,?
101,?
102,?
103,?
104,?
105,?
106,?
107,?
108,?
109,?
110,?
111,?
112,?
113,?
114,?
115,?
116,?
117,?
118,?
119,?
120,?
121,?
122,?
123,?
124,?
125,?
126,?
127,?
128,?
129,?
130,?
131,?
132,?
133,?
134,?
135,?
136,?
137,?
138,?
139,?
140,?
141,?
142,?
143,?
144,?
145,?
146,?
147,?
148,?
149,?
150,?
151,?
152,?
153,?
154,?
155,?
156,?
157,?
158,?
159,?
160,?
161,?
162,?
163,?
164,?
165,?
166,?
167,?
168,?
169,?
170,?
171,?
172,?
173,?
174,?
175,?
176,?
177,?
178,?
179,?
180,?
181,?
182,?
183,?
184,?
185,?
186,?
187,?
188,?
189,?
190,?
191,?
192,?
193,?
194,?
195,?
196,?
197,?
198,?
200,?
202,?
204,?
206,?
208,?
212,?
213,?
215,?
216,?
217,?
218,?
219,?
220,?
221,?
222,?
224,?
227,?
228,?
231,?
232,?
234,?
235,?
236,?
238,?
239,?
240,?
242,?
243,?
244,?
245,?
247,?
251,?
256,?
257,?
258,?
259,?
262,?
263,?
264,?
266,?
267,?
270,?
271,?
272,?
278,?
279,?
280,?
281,?
287,?
289,?
290,?
296,?
302,?
307,?
316,?
319,?
320,?
325,?
333,?
345,?
352,?
356,?
363,?
380,?
381,?
388,?
392,?
398,?
413,?
422,?
431,?
455,?
467,?
483,?
485,?
488,?
498,?
503,?
510,?
524,?
543,?
549,?
554,?
559,?
565,?
567,?
576,?
579,?
588,?
598,?
599,?
601,?
603,?
628,?
805,?
809,?
816,?
826,?
841,?
847,?
893,?
951,?
952,?
953,?
954,?
955,?
956,?
957,?
958,?
959,?
960,?
961,?
962,?
963,?
964,?
965,?
966,?
967,?
968,?
969,?
970,?
971,?
972,?
973,?
974,?
975,?
976,?
977,?
978,?
979,?
980,?
981,?
982,?
983,?
984,?
985,?
986,?
987,?
988,?
989,?
990,?
991,?
992,?
